{
"lengthUnit": "mil",
"components": {
	"fields": ["COMPONENT_NO", "COMPONENT_NAME", "LAYER", "X_COORDINATE", "Y_COORDINATE", "ANGLE"],
	"rows": [
		[1, "D1", "B", 2160, 1040, 90],
		[2, "D2", "B", 2250, 1350, 270],
		[3, "D3", "B", 2450, 1050, 270],
		[4, "D4", "B", 2550, 1350, 0],
		[5, "D5", "B", 3280, 1640, 30],
		[6, "D6", "B", 3519.9, 1524.47, 210],
		[7, "S1", "B", 1100, 800, 180],
		[8, "U$1", "B", 1450, 1500, 0],
		[9, "U$2", "B", 850, 1200, 180],
		[10, "U$3", "B", 3100, 2350, 180],
		[11, "U$5", "B", 750, 2350, 180]
	]
},
"pins": {
	"fields": ["PIN_NO", "PIN_NAME", "PIN_X", "PIN_Y", "LAYER", "PIN_TYPE", "NET_NAME", "NET_TYPE", "PAD_SHAPE", "PAD_SIZEX", "PAD_SIZEY", "HOLE_SIZE", "PAD_ANGLE"],
	"rows": [
		[1, "D1_1-GND", 2095.04, 933.7, "B", "SMD", "GND", "GND", "R", 78.74, 47.24, 0, 270],
		[2, "D1_2-DIN", 2224.96, 933.7, "B", "SMD", "N$3", "", "R", 78.74, 47.24, 0, 270],
		[3, "D1_3-VDD", 2224.96, 1146.3, "B", "SMD", "VDD1", "", "R", 78.74, 47.24, 0, 270],
		[4, "D1_4-DOUT", 2095.04, 1146.3, "B", "SMD", "N$2", "", "R", 78.74, 47.24, 0, 270],
		[5, "D2_1-GND", 2314.96, 1456.3, "B", "SMD", "GND", "GND", "R", 78.74, 47.24, 0, 90],
		[6, "D2_2-DIN", 2185.04, 1456.3, "B", "SMD", "N$2", "", "R", 78.74, 47.24, 0, 90],
		[7, "D2_3-VDD", 2185.04, 1243.7, "B", "SMD", "VDD1", "", "R", 78.74, 47.24, 0, 90],
		[8, "D2_4-DOUT", 2314.96, 1243.7, "B", "SMD", "N$6", "", "R", 78.74, 47.24, 0, 90],
		[9, "D3_1-GND", 2514.96, 1156.3, "B", "SMD", "GND", "GND", "R", 78.74, 47.24, 0, 90],
		[10, "D3_2-DIN", 2385.04, 1156.3, "B", "SMD", "N$6", "", "R", 78.74, 47.24, 0, 90],
		[11, "D3_3-VDD", 2385.04, 943.7, "B", "SMD", "VDD1", "", "R", 78.74, 47.24, 0, 90],
		[12, "D3_4-DOUT", 2514.96, 943.7, "B", "SMD", "N$5", "", "R", 78.74, 47.24, 0, 90],
		[13, "D4_1-GND", 2443.7, 1414.96, "B", "SMD", "GND", "GND", "R", 78.74, 47.24, 0, 180],
		[14, "D4_2-DIN", 2443.7, 1285.04, "B", "SMD", "N$5", "", "R", 78.74, 47.24, 0, 180],
		[15, "D4_3-VDD", 2656.3, 1285.04, "B", "SMD", "VDD1", "", "R", 78.74, 47.24, 0, 180],
		[16, "D4_4-DOUT", 2656.3, 1414.96, "B", "SMD", "N$8", "", "R", 78.74, 47.24, 0, 180],
		[17, "D5_1-GND", 3155.46, 1643.11, "B", "SMD", "GND", "GND", "R", 78.74, 47.24, 0, 210],
		[18, "D5_2-DIN", 3220.42, 1530.59, "B", "SMD", "N$8", "", "R", 78.74, 47.24, 0, 210],
		[19, "D5_3-VDD", 3404.54, 1636.89, "B", "SMD", "VDD1", "", "R", 78.74, 47.24, 0, 210],
		[20, "D5_4-DOUT", 3339.58, 1749.41, "B", "SMD", "N$9", "", "R", 78.74, 47.24, 0, 210],
		[21, "D6_1-GND", 3644.44, 1521.37, "B", "SMD", "GND", "GND", "R", 78.74, 47.24, 0, 30],
		[22, "D6_2-DIN", 3579.48, 1633.88, "B", "SMD", "N$9", "", "R", 78.74, 47.24, 0, 30],
		[23, "D6_3-VDD", 3395.37, 1527.58, "B", "SMD", "VDD1", "", "R", 78.74, 47.24, 0, 30],
		[24, "D6_4-DOUT", 3460.33, 1415.07, "B", "SMD", "D6_4-DOUT", "", "R", 78.74, 47.24, 0, 30],
		[25, "S1_1", 1247.64, 800, "B", "SMD", "N$7", "", "R", 43.31, 39.37, 0, 180],
		[26, "S1_2", 952.36, 800, "B", "SMD", "GND", "GND", "R", 43.31, 39.37, 0, 180],
		[27, "U$1_1", 1375, 1602.36, "B", "SMD", "VCC1", "", "R", 23.62, 86.61, 0, 0],
		[28, "U$1_2", 1425, 1602.36, "B", "SMD", "U$1_2", "", "R", 23.62, 86.61, 0, 0],
		[29, "U$1_3", 1475, 1602.36, "B", "SMD", "N$7", "", "R", 23.62, 86.61, 0, 0],
		[30, "U$1_4", 1525, 1602.36, "B", "SMD", "VDD1", "", "R", 23.62, 86.61, 0, 0],
		[31, "U$1_5", 1525, 1397.64, "B", "SMD", "U$1_5", "", "R", 23.62, 86.61, 0, 0],
		[32, "U$1_6", 1475, 1397.64, "B", "SMD", "N$110", "", "R", 23.62, 86.61, 0, 0],
		[33, "U$1_7", 1425, 1397.64, "B", "SMD", "N$3", "", "R", 23.62, 86.61, 0, 0],
		[34, "U$1_8", 1375, 1397.64, "B", "SMD", "GND", "GND", "R", 23.62, 86.61, 0, 0],
		[35, "U$2_GND", 633.46, 1259.06, "B", "SMD", "GND", "GND", "R", 39.37, 118.11, 0, 180],
		[36, "U$2_GPIO1", 830.31, 1436.22, "B", "SMD", "N$110", "", "R", 39.37, 118.11, 0, 180],
		[37, "U$2_GPIO2", 830.31, 1259.06, "B", "SMD", "U$2_GPIO2", "", "R", 39.37, 118.11, 0, 180],
		[38, "U$2_SCL", 731.89, 1259.06, "B", "SMD", "U$2_SCL", "", "R", 39.37, 118.11, 0, 180],
		[39, "U$2_SDA", 731.89, 1436.22, "B", "SMD", "U$2_SDA", "", "R", 39.37, 118.11, 0, 180],
		[40, "U$2_VCC", 633.46, 1436.22, "B", "SMD", "VCC1", "", "R", 39.37, 118.11, 0, 180],
		[41, "U$3_+$1", 3600, 2350, "B", "SMD", "N$10", "", "R", 200, 200, 0, 180],
		[42, "U$3_+$2", 2600, 2350, "B", "SMD", "N$10", "", "R", 200, 200, 0, 180],
		[43, "U$3_-", 3100, 2350, "B", "SMD", "GND", "GND", "R", 160, 160, 0, 180],
		[44, "U$5_+$1", 1250, 2350, "B", "SMD", "VCC1", "", "R", 200, 200, 0, 180],
		[45, "U$5_+$2", 250, 2350, "B", "SMD", "VCC1", "", "R", 200, 200, 0, 180],
		[46, "U$5_-", 750, 2350, "B", "SMD", "N$10", "", "R", 160, 160, 0, 180]
	]
}
}